{
	"segments": {
		"left": [
			{
				"name": "file_name",
				"draw_divider": false
			},
			{
				"type": "string",
				"highlight_group": ["background"],
				"draw_divider": false,
				"width": "auto"
			}
		],
		"right": [
			{
				"name": "line_percent",
				"priority": 30,
				"width": 4,
				"align": "r"
			},
			{
				"type": "string",
				"name": "line_current_symbol",
				"highlight_group": ["line_current_symbol", "line_current"]
			},
			{
				"name": "line_current",
				"draw_divider": false,
				"width": 3,
				"align": "r"
			}
		]
	}
}
