{
	"name": "Default color scheme",
	"groups": {
		"background": { "fg": "white", "bg": "gray2" },
		"background:divider": { "fg": "gray6", "bg": "gray2" },
		"mode": { "fg": "darkestgreen", "bg": "brightgreen", "attr": ["bold"] },
		"modified_indicator": { "fg": "brightyellow", "bg": "gray4", "attr": ["bold"] },
		"paste_indicator": { "fg": "white", "bg": "mediumorange", "attr": ["bold"] },
		"readonly_indicator": { "fg": "brightestred", "bg": "gray4" },
		"branch": { "fg": "gray9", "bg": "gray4" },
		"branch_dirty": { "fg": "brightyellow", "bg": "gray4" },
		"branch_clean": { "fg": "gray9", "bg": "gray4" },
		"branch:divider": { "fg": "gray7", "bg": "gray4" },
		"file_directory": { "fg": "gray9", "bg": "gray4" },
		"file_name": { "fg": "white", "bg": "gray4", "attr": ["bold"] },
		"file_size": { "fg": "gray8", "bg": "gray2" },
		"file_name_no_file": { "fg": "gray9", "bg": "gray4", "attr": ["bold"] },
		"file_name_empty": { "fg": "gray9", "bg": "gray4" },
		"file_format": { "fg": "gray8", "bg": "gray2" },
		"file_encoding": { "fg": "gray8", "bg": "gray2" },
		"file_type": { "fg": "gray8", "bg": "gray2" },
		"file_vcs_status": { "fg": "brightestred", "bg": "gray4" },
		"file_vcs_status_M": { "fg": "brightyellow", "bg": "gray4" },
		"file_vcs_status_A": { "fg": "brightgreen", "bg": "gray4" },
		"line_percent": { "fg": "gray9", "bg": "gray4" },
		"line_percent_gradient": { "fg": "green_yellow_red", "bg": "gray4" },
		"line_current": { "fg": "gray1", "bg": "gray10", "attr": ["bold"] },
		"line_current_symbol": { "fg": "gray1", "bg": "gray10" },
		"col_current": { "fg": "gray6", "bg": "gray10" },
		"modified_buffers": { "fg": "brightyellow", "bg": "gray2" }
	},
	"mode_translations": {
		"nc": {
			"colors": {
				"brightyellow": "darkorange",
				"brightestred": "darkred",
				"gray0": "gray0",
				"gray1": "gray0",
				"gray2": "gray0",
				"gray3": "gray1",
				"gray4": "gray1",
				"gray5": "gray1",
				"gray6": "gray1",
				"gray7": "gray4",
				"gray8": "gray4",
				"gray9": "gray4",
				"gray10": "gray5",
				"white": "gray6",
				"green_yellow_red": "gray5"
			}
		},
		"i": {
			"colors": {
				"gray0": "darkestblue",
				"gray1": "darkestblue",
				"gray2": "darkestblue",
				"gray3": "darkblue",
				"gray4": "darkblue",
				"gray5": "darkestcyan",
				"gray6": "darkestcyan",
				"gray7": "darkestcyan",
				"gray8": "mediumcyan",
				"gray9": "mediumcyan",
				"gray10": "mediumcyan",
				"green_yellow_red": "gray5"
			},
			"groups": {
				"mode": { "fg": "darkestcyan", "bg": "white", "attr": ["bold"] },
				"background:divider": { "fg": "darkcyan", "bg": "darkestblue" },
				"branch:divider": { "fg": "darkcyan", "bg": "darkblue" }
			}
		},
		"v": {
			"groups": {
				"mode": { "fg": "darkorange", "bg": "brightestorange", "attr": ["bold"] }
			}
		},
		"V": {
			"groups": {
				"mode": { "fg": "darkorange", "bg": "brightestorange", "attr": ["bold"] }
			}
		},
		"^V": {
			"groups": {
				"mode": { "fg": "darkorange", "bg": "brightestorange", "attr": ["bold"] }
			}
		},
		"R": {
			"groups": {
				"mode": { "fg": "white", "bg": "brightred", "attr": ["bold"] }
			}
		}
	}
}
