{
	"default_module": "powerline.segments.common",
	"segment_data": {
		"uptime": {
			"before": "⇑  "
		},
		"external_ip": {
			"before": "ⓦ  "
		},
		"date": {
			"before": "⌚ "
		},
		"email_imap_alert": {
			"before": "✉ ",
			"args": {
				"username": "",
				"password": ""
			}
		}
	},
	"segments": {
		"right": [
			{
				"name": "uptime",
				"priority": 50
			},
			{
				"name": "external_ip",
				"priority": 50
			},
			{
				"name": "network_load",
				"priority": 50
			},
			{
				"name": "system_load",
				"priority": 50
			},
			{
				"name": "weather",
				"priority": 50
			},
			{
				"name": "date"
			},
			{
				"name": "date",
				"args": {
					"format": "%H:%M",
					"istime": true
				}
			},
			{
				"name": "email_imap_alert",
				"priority": 10
			},
			{
				"name": "hostname"
			}
		]
	}
}
